0,1,2,3,4,5,6,7,8,9,10,11,12,13,14,15,16,17,18,19,20,21,22,23,24,25,26,27,28,29,30,31,32,33,34,35,36,37,38,39,40,41,42,43,44,45,46,47,48,49,50,51,52,53,54,55,56,57,58,59,60,61,62,63,64,65,66,67,68,69
0.270497,-0.40125468,-0.79778206,-0.36311132,1.2843658,-0.05168335,-0.16111019,0.08794839,1.358572,-1.2482824,0.5645267,0.44769552,0.18545565,0.01936677,-1.4406807,-0.9101181,-0.33006904,-0.5764691,1.954647,-0.84978855,-0.2330326,1.5532471,-0.13101493,0.5236384,0.24517101,0.2381451,-0.75190187,-1.8977332,-0.48709983,1.574242,6.1215477,-0.21774809,-0.6474639,-0.19757083,-3.4177172,0.2830904,0.30463222,0.6934672,0.9706631,-0.9168285,0.33797568,-0.32188606,0.58818465,0.3821411,-1.4979146,0.32788897,1.203578,0.39203435,0.33168012,0.31105363,-0.3788309,0.859499,-0.357744,-0.435905,-0.19545735,-0.8518247,-0.04556757,1.3169987,-0.39503324,0.1863303,-0.47869158,-1.4318913,-0.36743015,-0.3747324,-0.87450635,1.715316,-0.8146591,-0.020273358,-0.5289776,-0.17897558
0.52872986,-0.06817648,-0.22328927,0.26641557,-0.12498112,-0.61114466,0.04150863,0.029134756,1.6807119,-0.24342304,-0.21659163,-0.14415051,0.9185121,-0.15689121,0.29821664,-0.1522818,-0.52227986,0.2037551,-0.9553215,-0.19395904,-0.65871644,-0.05524639,-0.08512771,-0.21954212,0.14872113,0.0199357,0.5263637,0.32419026,1.1911482,-0.04979479,-4.4743524,0.039630756,-0.0029001758,0.016649872,-1.0945609,-0.09010513,0.70058537,0.20887147,-0.45982864,-0.17608418,0.07065638,0.5378934,-2.1417122,-0.59813184,0.20384993,-0.07876231,0.3886399,-1.0995452,0.9045857,-0.14901549,-0.05191098,-0.06522764,0.0014306079,-0.11565004,0.08947021,0.35602027,-0.5157369,-1.2031364,-0.34384006,0.6066684,-0.32910064,0.028913837,0.4676592,0.4990615,0.35691786,0.66657937,0.15117091,-1.0694119,-0.6713911,0.27249604
-0.47297966,-0.29665998,-0.74084634,-0.4310676,0.4574375,-1.4503726,-0.056520205,-1.4153627,-1.6437339,-2.4413984,-0.77432775,0.07773608,-0.24351722,0.3709838,0.7396388,0.30362698,-0.44793963,0.069142945,-1.1989787,-0.004208162,-0.3299567,0.3793814,0.97633904,0.6749155,-0.99165213,-0.30938607,-0.28200617,0.16450273,1.0595142,-0.5160633,-4.431887,-0.3352416,-0.5049746,0.48623836,-0.51488495,0.06470615,0.29035997,0.4325934,0.31214824,-0.012051551,-1.5388683,-0.044027533,-1.1520706,0.6650194,0.4205793,-0.21328159,0.46183017,-0.27356026,0.6828778,-1.6464912,-0.8455523,0.13116948,-0.07458214,0.6750829,-0.09674159,1.818189,-0.5293332,-1.3848882,-0.94457513,0.3436361,0.3979808,1.0169909,-0.066378705,0.16208555,-0.90254444,-0.2892743,0.74948007,0.45290297,-1.4556593,-1.6513412
0.44215667,0.11285623,-0.08160084,0.28133154,-0.43260786,0.2792646,0.3330892,0.59474707,-0.361263,0.8413598,0.26400512,-0.14421783,0.17789242,-0.012463665,0.51499444,0.23064648,0.20672922,0.10578217,-1.411495,1.0391116,-0.26765907,-0.93943876,0.089005426,1.1110271,-0.31115195,-0.33376393,0.7678475,0.74503976,-0.04983822,-0.21682048,9.981486,0.22796035,-0.27775863,-0.06779285,-7.9292874,-0.15505123,0.16885045,0.24556144,-1.1015531,0.48529458,-0.613352,0.93000305,-0.11427583,0.118760884,1.0486829,0.047145855,-1.0338151,0.45112497,1.4649593,0.8594165,-0.4040434,0.39207977,-0.504515,-0.4807619,0.07227871,-0.16877708,-0.5830637,-1.0890478,0.38271937,-0.46632296,-0.0061730016,-0.4787026,-0.1077582,-0.08829175,1.4996674,-0.21334496,-0.24840908,-0.64619803,0.37172508,0.528653
0.18855937,0.5585451,0.036339864,0.08839519,-0.109271854,-0.15343462,0.46184707,0.3036458,2.075278,0.643678,0.33310044,-0.71188873,2.160172,-1.2627616,-2.149958,0.050221838,0.16227087,-0.16348667,-0.27034843,0.84472394,-0.41754508,-0.10866359,0.13001081,0.37739012,-0.26150215,0.44201064,-0.25041834,-0.6753705,0.7363707,0.54623014,-4.2331643,-1.3751693,-0.23405734,0.78560317,-0.79050994,-0.44676337,0.4865095,1.5055301,-0.19806145,-0.077646405,0.2938694,0.8171696,-0.79987323,-0.38031393,0.42849565,1.0610374,0.89185053,0.53739494,0.4486226,0.3377766,0.0773246,0.23650259,-0.33076772,-0.9416138,0.021648137,-0.6905479,-0.8856841,0.90379006,0.11373954,-0.12248746,0.17607112,0.15894903,-0.010945478,-0.06760196,0.6008251,0.0027226312,-0.15510513,-0.20587245,0.7900421,0.38244718
0.05210004,-0.39164436,0.34423068,-0.2592432,-0.47826195,-0.1520698,-0.17530826,0.21450582,-0.6117748,-0.11212807,-0.25439888,-0.28551188,0.15497105,-0.123385765,-0.5520067,0.35342422,0.44346768,-0.19552512,-0.91588116,0.45472276,-0.3801016,0.61325514,-0.07816855,0.72986037,0.36330032,0.08492441,-0.15680876,0.81752896,-0.07341089,-0.19739312,-3.598938,0.29047358,0.9099016,0.21712115,-0.17767799,-0.31060776,-0.19425091,-0.101390556,-0.35100654,1.3086298,0.0832422,0.10214975,1.1056387,0.3795823,-0.63531023,-0.17535736,-0.31167427,0.7910729,0.32168788,-0.22429992,-0.4175051,-0.111472264,-0.60176784,0.36916223,-0.30101648,-1.0711231,-0.22332464,1.5451672,0.14101541,0.7494681,0.4103444,-0.40690625,0.05011334,-0.23132819,-0.12579767,1.0212363,-0.06982432,0.23862061,-0.25994086,-0.69700354
0.045663632,0.24510756,0.19934969,-0.3566053,0.36019874,-0.5829179,-0.5407091,-0.20190264,0.109347805,-0.106862985,-0.15833047,-0.27748212,2.5974631,-0.02597146,0.060136292,0.134712,-0.025823575,0.22860609,-0.39491364,-0.10304463,-0.1908684,0.17881183,0.12345054,-0.007337699,0.13607849,-0.23398389,-0.029388899,-0.30612922,0.41015562,-1.0548552,-4.285406,-0.23349036,0.24311402,0.9177922,-0.62255925,-0.16482624,0.015580505,0.7417895,0.30412975,0.4728044,0.21838515,0.01247685,-1.5178796,-0.20926407,0.34128398,0.5629293,0.83535606,-0.09998505,1.2041756,-0.21397729,0.44892958,0.32321906,-0.42652613,-0.66363037,0.23942448,0.15830792,-0.16323245,-0.77685755,-0.2503888,-0.0030693933,-0.41347876,0.22045141,0.41231695,0.07965781,-0.439729,0.77375686,-0.10419042,-0.014775984,-0.51315236,-0.21400382
0.8296386,0.36473182,0.7921919,0.83746374,-0.11137615,0.6630658,0.037733976,1.0190843,-0.11564501,-0.78740966,-0.07571561,-0.36725488,-1.5342321,-0.3689517,-1.1179956,0.5187171,0.37169275,0.2050374,-1.0205704,-0.41304335,0.019028928,-1.0962292,-0.23167287,-0.30437508,0.6778146,0.25638032,0.23718138,0.1907039,-0.7994461,0.096228905,-3.6677349,0.59457964,1.0627495,-0.31884816,0.80461025,-0.40438363,0.08105141,0.48961154,0.049162105,-0.70855826,0.820036,0.03867932,0.9145503,1.0139612,-0.4006408,0.87352115,-0.82163835,0.4821868,-0.30074203,0.9429516,-0.562027,-0.378563,0.74320346,0.3449742,0.51553833,-0.7905357,1.8122503,0.5094327,0.67004114,-0.24225165,0.49949023,-0.7100147,-0.089976974,-0.52778363,-0.28048822,0.21425426,-1.266819,-0.08120037,0.96487665,0.59750897
0.4422617,-0.1371302,-0.6622579,0.034868475,0.2324029,0.7606577,0.24750918,0.60443646,0.68491894,-0.3186587,-0.24344318,0.43653,-3.1662133,-0.026913324,-0.051883195,1.2192205,0.5124804,-0.550884,-2.5299013,-0.7092518,0.278935,-1.1783727,0.16051911,1.6775026,-0.21270381,-0.5435111,-0.2865458,1.0344381,-0.024171209,0.667071,-4.248804,-0.24010603,-1.0106571,0.050168484,-0.9526764,-0.28062353,0.7269016,-0.37827542,-1.8419276,0.18476152,0.42685527,-0.58932436,2.1855304,0.8736155,-0.52591205,0.7581162,-0.39585635,0.49049887,0.01588949,-0.07974786,-1.5835259,-0.015779447,0.57315737,0.41634414,-0.40677014,0.14278269,-1.2894392,0.5143876,-0.8151324,-0.05508358,0.06576984,-0.31876183,0.12585527,0.16624397,-0.030909898,-1.4823097,-0.23484875,-0.7505863,0.15678269,1.1323816
0.13476855,0.294071,-0.3310701,-0.015806776,-0.2574453,0.65528184,-0.26057464,0.09607926,-0.42278653,-0.18336691,0.09144133,0.08086642,2.399019,-0.7620846,-0.16772997,-0.5419952,-0.58572906,-0.10647161,-0.41739368,0.87930304,-0.7165714,0.35282743,0.37312353,0.3213555,0.050505273,0.33899733,0.15258414,0.03746355,0.06740411,-0.38865465,-4.414607,0.060276754,-0.009166315,0.0011870479,-0.5353911,-0.2946808,-0.3519991,0.10357419,0.61941886,0.076435685,-0.6003392,0.75456655,-2.1372795,0.0003170711,0.49552274,0.13557132,0.28103986,0.40198708,0.7552145,-0.5006943,0.13934329,-0.4996767,-0.3120099,0.30535498,0.5148561,-0.110888936,-0.6887216,-1.0671492,0.10344904,0.4173407,-0.24604492,0.20581956,0.769611,0.7115218,0.34369156,0.7342053,-0.14606993,0.6518205,0.55463886,-0.6623818
0.47728726,0.16223153,-0.41218293,0.040584702,0.719473,-0.22424006,0.05592844,0.6985654,-0.969912,0.712231,-0.3420813,0.12734698,-0.33422625,0.13721734,1.3786902,0.10108918,-0.79004115,-0.3491855,-1.2327825,0.107698694,-0.24570985,-0.105604365,-0.17184688,0.4035428,0.323703,0.089793175,0.14370887,0.51407033,0.8908247,-0.06561762,-4.3649383,0.49268198,0.37081748,-0.43431306,-0.6885557,-1.2167416,0.7208907,-0.056853786,0.1416756,0.594395,1.5383623,-0.8803484,0.49249455,-0.19524747,-0.22518282,-0.12180573,-1.043476,0.13884304,0.3696887,0.21863577,-0.64527583,-0.51003176,0.0018689553,-0.57430613,-0.10982674,0.2952797,-1.3226326,-0.49684706,-0.018865928,-0.29859525,-0.12781544,0.2013915,0.4158216,0.10913386,-0.5555485,0.7732364,0.011918135,-0.58868986,0.76309294,0.39945996
-0.45751587,1.1103473,-0.17939459,-1.6337106,-0.9197179,-2.1720026,0.9323329,-0.13112138,-0.48202053,0.6344358,1.6234225,-0.7479643,-0.15900043,0.15574935,1.4999084,-1.164283,-0.0741432,0.3402682,0.779793,-2.6697452,0.26893827,-1.5050405,-0.95621175,-2.170206,0.9797326,1.4832165,0.9419696,-0.33488673,-0.43234348,-0.23757313,4.1479526,1.1887608,-1.3100057,-0.15891355,7.055747,-0.0047113607,-0.08555677,0.011260109,0.9865256,5.2851663,0.31367266,0.41914025,-0.8564611,-0.54025304,-0.92847663,-0.6129582,0.97827494,-0.9735539,-1.4713511,0.8137591,-0.8925618,-0.6676855,-0.54778,0.19758902,0.93610567,0.25854975,2.7401123,1.7991722,0.24548516,-1.9610188,-0.20927723,-0.28459966,0.17930293,-1.4555444,0.8593834,-0.5773791,2.035749,0.6947333,3.3070323,1.892981
0.72064114,0.076860815,-0.08080314,-0.5012579,-0.84083605,1.2677299,-0.47145513,-0.07889417,0.08515863,0.6240205,0.32406753,-0.3247133,1.4624808,-0.21551882,0.23413795,0.24452297,-0.11346054,0.14531161,-0.2912818,0.6717076,-0.3783189,0.19485597,-0.03992532,-0.34024757,-0.69546866,-0.33671108,-0.01091362,0.1687008,0.6617851,-0.2263847,-4.1298413,0.22568034,0.72501343,0.36526024,-0.33543834,-0.69939595,0.20210643,-0.30815566,0.22786133,-0.03568518,0.5910161,0.006280352,-1.6345506,-0.738998,0.36803752,0.5205063,-0.06503867,0.1568031,0.638357,0.23731925,-0.4452447,-0.065271586,-0.18789428,-0.6311063,0.12479016,-0.4524039,-0.42818806,-1.5360602,0.72360194,-0.1797658,0.56510633,-0.40265977,0.24645936,0.85226274,-0.63438046,0.6271417,0.03060971,0.4783771,0.671199,0.71382546
-0.140846,0.54127514,0.14089642,-0.6802334,-0.16744342,0.2468972,0.3390054,0.6876435,-0.037720736,0.8866525,-1.3794912,0.41814622,0.5985429,0.53958195,0.6700053,-0.959509,2.1996477,-0.52736235,-1.247052,-0.1555157,1.0233139,-0.52437264,-0.54512584,0.08086506,0.6395496,2.2768862,0.52121395,-0.32842973,-1.2015688,1.2580211,5.6364713,1.0972103,-0.24886695,0.30095997,11.2261915,1.5375711,0.067120805,1.3490129,-3.2611709,-0.96651036,-0.28711355,0.22774754,1.1156448,-0.14730383,-0.8561338,1.0977095,1.1264787,-0.51219034,-0.7152561,0.6353805,0.49652526,-0.56738174,0.8743097,1.6330878,-1.3511016,0.18937944,1.7026631,3.0749664,-0.9105835,-1.2815963,-0.3231691,-0.7878004,0.046144623,-0.23392406,-0.2208005,-0.48178452,1.0023246,1.2836921,-1.1219702,-0.56069297
-0.20461132,0.15951535,0.1368131,-0.33056793,0.42164674,-0.49343854,-0.4771679,-0.9531928,0.6409508,-2.0941641,-0.68819386,0.01893418,1.0934829,-0.8215642,-0.093190804,-0.29412532,-0.16855481,0.40595803,1.0344268,-1.1644725,-0.4693626,2.1458988,0.20132197,0.34187585,0.2557305,-0.13829786,-0.63546234,-0.67639524,0.89150816,-0.4810825,7.4228377,-0.20895956,0.22031182,1.3086308,-3.860143,-0.49421522,-0.119906016,-1.926441,1.4416114,-0.20855512,1.1434753,-1.250857,1.0270194,0.5141225,1.706451,-0.054786164,0.7655975,0.48061827,0.5972459,-1.0466292,0.54626286,-0.31082982,-0.40359616,0.9284007,-0.24059764,1.6794211,-0.746754,-1.5867577,0.28771797,0.66818714,0.39462212,0.14805375,0.093543,-0.20929064,-1.115245,1.1644435,0.45849076,0.31188262,0.45794067,-1.1813269
-0.18432769,0.64617383,0.9341816,0.8202089,-0.25409406,0.12182003,0.029305546,0.0113370055,-0.33927822,0.03927374,-0.48670655,0.1366181,-2.2109416,0.7015578,0.7605045,-1.9945501,0.71235657,0.37999254,1.0340039,-0.1194832,0.714949,0.7707788,-0.32411823,-1.0429084,-0.023572445,1.3759999,-0.51587456,-0.72674584,-1.2732728,0.6585615,3.789744,1.3906364,0.5113,0.7475265,9.63726,1.2239043,-1.1044178,1.8183153,-2.093547,-1.3128407,1.0398846,0.8623587,-0.78352195,-0.04445907,-1.033753,0.98418474,-0.39812294,-0.83360046,-0.80239177,1.2059187,1.2884483,-0.80102384,0.17470032,-0.18306205,-1.2710727,1.1294225,0.79666936,4.5457287,-0.9354607,-0.26553714,0.2532839,-1.6772822,-0.75903004,-0.68869203,-0.04592229,0.060453806,-0.8287992,1.2984788,0.52609646,-0.62077266
0.31247222,-0.08238068,-0.08095387,-0.017935667,0.8676628,-0.23335424,-0.309918,0.17964126,-0.2552558,-1.087242,0.050672915,-0.2701051,-0.1433344,0.14850828,-0.06851828,-0.6206968,-0.27527833,-0.0033879345,0.7097121,-0.49070156,-0.03855144,1.015654,0.33014634,0.1480629,0.15673035,-0.50838894,-0.049175426,-0.29176888,-0.016459635,0.7521678,7.9046054,0.1495708,-0.2945012,-0.049439378,-4.8209496,0.4018816,0.3617547,0.5189205,0.56598765,-0.6885332,0.13634919,-0.301139,0.5169694,0.08740419,-1.2358941,-0.047002744,0.4999915,0.71057826,0.6921553,-0.46093634,-0.45911023,1.0248873,-0.46441537,-0.22151582,-0.3270419,0.39266878,-0.15760973,-0.13189048,-0.34740514,0.082485855,-0.14249577,-0.6625258,-0.6775483,-0.33333066,-0.7944159,1.2839731,-0.22771251,0.13626483,-0.3537149,-0.13000843
-1.5277202,0.10163087,-0.9266716,1.6833125,-0.9941772,-1.8241681,-1.0498488,0.36433864,-1.5603907,-0.11016993,1.5097207,1.0626059,3.3899536,1.1724546,-0.12684521,0.39469233,-0.21122672,1.1367091,0.8934422,-0.11464302,-0.08795902,-4.620295,-0.09678475,0.59948844,-3.1976337,1.0392977,0.08626642,1.6878043,-0.30534285,-0.9350418,2.393431,0.4277726,-2.354741,-1.8210528,1.8878492,-1.3870391,-0.47276163,0.55462176,7.642914,2.1048694,-0.9316905,-0.16675049,0.8028296,0.15803643,1.6593491,1.3733112,0.65709865,-4.6167073,-3.1918676,0.35602796,-1.8856956,-1.5091996,2.8384678,0.50476205,0.18986896,2.2009127,2.0644395,-0.4802958,-0.040283173,-3.254957,0.26373643,-2.7302525,0.93034405,-1.461572,1.5601834,-3.3264253,1.6947277,1.3116349,0.8702924,-0.204864
0.39430925,0.10878872,-0.17374341,0.35424978,0.63801074,-0.92496955,0.020774389,0.02755917,-0.9348447,-0.4265924,-0.14712721,-0.078371875,-0.84485835,-0.41800714,0.70896316,0.3125229,-0.16011845,-0.21447474,-1.0269625,0.07749956,0.11082083,-0.090878494,0.6828089,0.7871821,-0.35581326,-0.0924829,0.459141,-0.11143534,0.5632442,-0.24910101,9.398183,-0.1289282,0.2413148,0.11958993,-6.816968,-0.0762191,0.287653,0.044666506,-0.18757442,0.60612017,-1.4259421,0.39639375,0.111091904,-0.05520809,0.4515904,0.12577398,-0.13152976,0.33971554,1.2015315,-0.24657868,-0.3609514,0.0717839,-0.061862104,-0.51046336,-0.14464423,-0.13301139,-0.14430365,-1.2236185,-0.50185496,-0.15834285,0.27319947,0.031393137,-0.002353991,0.03447421,0.025374888,-0.36494422,0.09953913,-0.556815,-0.387875,-0.24815549
0.21542059,0.38510332,0.3535604,0.048394814,-0.29348177,-0.17696607,0.27551672,0.48347545,2.1325881,-0.2008303,0.114909396,0.32333088,0.5068823,-0.2482332,-0.5478266,0.28928444,0.41730133,-0.057820775,-1.5712851,0.07951321,-0.49082318,-0.66099465,-0.33340326,1.27548,-0.05346661,0.06004658,0.04400572,0.47756782,-0.018291043,-0.6187469,-4.187163,0.064940885,-1.7788653,0.144851,-1.6439972,0.8490353,-0.15493351,0.8001328,-1.625645,0.3327479,-0.15268295,0.45452914,-0.86355686,0.71939903,0.11566583,0.6353659,0.5912402,-0.30092892,0.28768635,-0.7575038,-0.7920511,0.34911293,-0.40603998,-0.49707213,0.26646024,0.029399216,-1.0397505,-0.01612794,0.31854054,-0.19192667,-0.10552326,-0.31671804,0.07122644,-0.40562126,0.9345684,-0.15677145,-0.08661634,-0.38061097,0.22347018,0.36179072
-0.024332931,-0.39764175,0.047049,0.32236418,0.47938725,-0.12565136,-0.039496917,0.028170219,0.023738299,0.37099642,-0.06379302,0.2292964,-0.043123346,-0.02804737,0.24836886,-0.29059815,-0.09098592,-0.38254386,-0.30269834,-0.11366212,-0.4734858,0.4853764,0.33231765,0.29819027,0.060336515,-0.08365258,-0.059132017,-0.95876867,0.31670046,0.7915993,8.785967,0.14522576,0.24352857,-0.17352092,-6.0765057,-0.27851593,-0.3180681,-0.019647963,0.4268402,0.16168994,-0.91587186,-0.3675455,0.09067628,0.22708777,0.65412295,-0.7270392,-0.10756334,0.7468013,1.097911,0.0015697731,-0.34419087,-0.18645065,-0.1421496,-0.64292103,0.29874218,-0.7061003,-0.8619693,-1.0903139,0.22584876,0.56600887,0.09338646,0.39209852,0.25810575,-0.05734309,0.8158403,0.47044453,0.09153533,-0.02400399,0.2432279,-0.15308775
-0.97847754,1.1018147,-0.6054858,-1.025727,-2.07032,-0.6935777,0.5966136,-0.55129516,-0.3363147,0.22908099,1.0640061,-0.33386886,-1.994927,0.64745784,0.6518164,-0.54046655,0.6709866,1.2391222,0.28995532,-2.1876988,0.55628,-0.796559,-0.47727683,-1.9052794,0.9277546,0.24907455,0.46548784,0.28262097,-0.2794584,-0.26897126,4.629234,0.43141204,-1.895463,0.1995099,7.6942,-0.47705355,-0.8063369,-0.5005469,-0.13332932,3.5009685,-1.033229,-0.13515653,-1.1367738,-0.5541051,-0.15397565,-0.24145392,1.1880963,-0.44069025,-0.8886039,0.58767533,0.2651962,0.8647032,0.004882622,1.0541438,0.54328144,0.91919667,1.4254171,3.7311878,-1.1144875,0.021632046,-0.3030915,-1.861141,0.59797436,-1.3620975,1.1206061,-1.6214285,2.0744545,0.64358526,2.9866855,-0.6382312
0.2759217,-0.28640476,0.3699911,0.05131166,0.11248003,0.37925667,-0.4896563,0.24690418,0.6163197,-0.16803035,0.1901808,0.089745134,0.10817308,-0.6659115,0.5271487,-0.43054524,0.21167675,-0.07067557,-0.11156397,-0.25644603,-0.6948854,0.6830122,-0.058652364,0.16051853,0.0037071523,-0.38508365,-0.18889175,-0.016613223,0.40939513,0.290935,9.087272,0.4403592,0.27776924,0.02516409,-5.877418,-0.60933113,-0.2662828,-0.8365728,0.56712943,0.24313644,-0.3718976,-0.32661808,0.17955603,0.10269624,1.1292456,0.3002866,-0.50309795,0.75112396,1.0395752,-0.10345767,-0.28588483,-0.6848208,-0.3001782,0.27039745,0.047750473,-0.39761028,-0.5987324,-1.7373941,0.20462704,0.057520576,0.18588544,-0.018614285,0.19639936,-0.04421127,0.27820498,0.37027678,-0.006027075,0.05085232,1.1178551,0.37647024
0.090310596,-0.30139166,-0.45209506,0.044890236,0.24449515,0.19618568,0.15668362,0.014201493,0.06731565,-0.44737357,-0.5436966,-0.23003852,-2.0114021,-0.6624123,-0.48075703,1.0430343,0.013483617,0.014448077,-1.539232,-0.73273826,0.18139935,-0.5737328,0.31589773,0.6566256,-0.15990524,-0.24158086,0.18588105,0.058486655,0.051114578,0.31629726,-4.552923,-0.12694064,0.41495308,0.10233792,-0.9020978,-0.097243644,0.09155701,-0.17274956,-0.8626704,-0.11057752,-0.4986165,-0.48759037,1.3887597,0.7692568,-0.3568019,-0.14929508,0.3378256,0.47218102,0.07440073,-0.2620793,-1.1384288,-0.3550046,-0.12056539,0.47476238,-0.6719674,0.013420723,-1.6430874,-0.072369926,-1.0550658,0.270355,0.7074152,0.061881002,0.6808182,0.10794278,-0.13665107,-0.06710402,0.05640998,-0.1729235,0.47028214,0.21995048
-0.17454192,0.19220853,-0.35442534,-0.0862253,0.5457478,0.29652387,-0.79759103,-0.087388046,-1.8485708,-0.25553784,-0.37370008,0.4145729,-0.7672066,-0.19849056,0.12704755,0.9939207,-0.5667236,-0.04109089,-0.82937175,-0.6704894,-0.18957825,0.5572736,0.96402395,-0.06502088,0.11001059,-0.49464116,-0.041432433,-0.07733281,0.47033113,-0.08831448,-4.2025566,-0.12307868,0.9905338,0.11372834,-0.055259477,-1.0104645,0.30311525,-0.57338643,1.4973884,0.6289897,-0.87615305,-0.01980732,0.30390278,-0.15939388,0.34743652,0.1194818,0.40817186,1.2081205,0.93596125,-0.9972284,0.13955021,-0.37488258,0.067663215,1.1986661,0.0030991044,0.2900234,-0.54941636,-0.18039124,-0.9057361,0.5311289,-0.45723173,1.575984,1.1560417,0.5091059,-0.891809,0.39128947,-0.038240883,0.5639553,-0.08138912,-0.77802813
0.19014873,0.2844094,0.12096883,0.22649495,0.68152666,0.8825638,-0.30202648,0.41066208,-0.68230605,0.46316367,-0.38963953,-0.021001048,-1.2252117,-0.12992023,-1.0861429,0.70000446,-0.5731656,0.40947717,-0.6978335,-0.8133721,-0.09044745,-0.38870218,0.73216087,-0.30646548,-0.18773876,0.0022886868,0.025745993,0.23769347,0.39910308,-0.16530538,-3.8836277,-0.5418445,0.6589684,0.08801241,0.7813201,-0.7937477,-0.006219454,-0.29290158,1.1569179,-0.12464002,0.7264948,-0.002786036,0.45757872,-0.20342453,0.6087257,0.23944183,-0.15579773,0.95295197,0.4200422,0.10208485,-0.03112667,-0.18868513,-0.009548493,-0.11446882,0.4285786,0.29431498,0.7343728,-0.319124,0.030871205,0.18205553,0.42461726,0.5367993,0.4097515,0.3844342,-0.8138188,-0.8538004,-0.15780017,0.16837427,0.20540099,-0.066574045
-0.36423492,0.75434554,-0.2836834,-0.52117723,-0.27432802,-0.28803515,1.1042203,0.29860154,-0.4386989,0.6336351,-0.5681245,-0.14045107,0.25941804,0.45846632,0.6989183,-0.61376256,0.3122578,0.2192736,-0.06665363,-0.86258537,0.06200972,0.54618055,-0.5633191,-1.4374276,1.4816321,1.6174873,-1.2242926,-0.10043382,-1.9540535,0.48367897,4.9528413,0.87202996,0.10272924,-0.5316401,10.190644,0.7274241,-0.18924527,-0.12949373,-1.6213171,2.044308,-0.64341563,0.7427641,-0.4386064,0.6888128,-0.4503001,0.60485727,0.5760193,-0.12203659,-0.92675513,1.9089344,0.17130065,0.46276325,0.4896385,0.52282345,0.0149122905,0.44522166,1.4160058,2.1875758,-0.038806923,-0.65139484,-0.102483585,0.2025189,-0.83556265,-0.24215616,0.35226226,0.012528653,1.6873995,1.6202884,1.2203054,1.1938503
0.34548214,-0.050492212,-0.21750708,0.2763437,-0.2736361,-0.019086448,-0.037636094,-0.12566118,-0.35950944,0.17437962,0.15647689,0.18858297,-0.93435645,0.046401534,0.44976768,0.51906765,0.18974376,-0.03320617,-1.5894747,0.34423146,-0.13778715,-0.3364308,0.55384773,0.6326415,-0.04979819,-0.5797868,0.73731333,0.03631544,0.6829085,-0.74402314,9.685574,0.028093634,0.15535799,0.13273087,-7.2522035,-0.2684841,-0.0801128,0.25453293,-0.360175,0.6196464,-2.0697777,0.37084907,-0.4079995,0.14351508,1.1512635,0.12530902,-0.30658922,0.44436598,1.3518016,0.07143188,-0.57800686,-0.060536426,0.07890421,-0.26978716,0.047956347,-0.2533433,-0.24948496,-1.2655758,-0.17182323,0.27302074,0.22960626,0.2775885,-0.092469536,0.119189374,1.0038402,-0.97930866,0.20412606,-0.64513785,-0.95183146,-0.38449475
0.38906732,-0.33546492,0.09762606,-0.15192835,0.28007638,0.027689451,-0.2997202,0.2500462,-0.9121024,-0.38415962,-0.7316517,-0.13770051,0.24139428,-0.12386445,0.56361216,-0.5496747,-1.078354,0.090770796,-0.38830084,0.9696311,-0.27615228,0.44998696,0.5624902,-0.65590894,-0.4533654,-0.12876494,-0.14357817,0.18597886,0.72031444,0.09340429,-4.2672224,-0.26191196,0.43446848,-0.19959445,0.045529947,-0.560509,0.21827124,-0.37683484,1.0953301,0.3446691,0.008506803,0.32545912,-0.84339553,-0.40209228,0.60791594,-0.020368781,-0.2329142,0.27041435,0.35563725,-0.5133589,0.09590648,-0.07306801,0.3069865,0.0004878277,0.5582676,0.3796247,-0.10728431,-1.3499745,0.6669922,-0.053590328,-0.115303054,0.781091,0.116882585,0.8833365,-0.5046384,0.47178802,0.4907581,0.1596874,0.18053481,-0.5051127
0.7623101,-0.2600672,-0.019443437,-0.72198945,-0.64473605,0.5526856,-0.8659975,-0.48836672,-0.74549013,-0.28751284,-0.12737995,-0.38315612,-1.3879766,-0.37757757,-0.29756844,0.81804895,0.709115,0.33061317,-1.4012008,-0.20287928,0.06630121,-0.43068486,0.7977927,-0.101776235,0.42435467,-0.7456212,-0.118861355,0.6286939,0.07212746,0.4430535,-4.39753,-0.2412781,0.20446861,0.22854425,-0.16499531,-0.5741672,0.68021715,-0.1864431,0.034272727,0.59769297,-0.77964926,-0.94060326,0.4575577,0.75982845,0.27996975,-0.3628298,-0.038516458,0.84330094,0.5250062,-0.15330265,0.023562089,0.16404058,0.052503623,0.25136667,-0.31045103,-0.05422718,-0.8207147,-0.94092065,0.15824947,0.9956664,0.1676613,0.17841987,0.46660826,0.5420404,-0.83405995,0.01583172,0.23513056,0.13769221,-0.48965025,-0.21412383
0.17380422,-0.08568889,0.022992149,-0.38118646,-0.85951793,1.0597354,0.06074205,0.17928098,1.1090379,0.48023513,0.42506173,-0.20233926,1.8206189,-0.84311926,-1.4215107,-0.18124859,0.5664728,0.5364189,-0.78535336,0.7451257,-0.9633136,-0.5238091,0.11576098,0.5523922,0.43706703,0.019458486,0.23779467,0.06911697,0.17317791,0.4997433,-4.327275,0.14082377,0.27625594,0.23181254,-0.98079187,-0.060821608,-0.6786375,0.5616643,-0.48917782,-0.38623253,-0.9264881,0.3665328,-1.4690031,0.43346295,0.14868607,-0.15914148,0.21295123,0.37945914,0.34258193,0.3295067,-0.12201735,-0.48500434,-0.6642411,0.10693852,-0.29735765,-0.3262617,0.17075318,-0.33037555,-0.20237318,1.4824729,0.609624,-1.2066178,0.47342956,0.11562901,0.56116414,0.93156374,0.042327534,0.3478711,0.2860635,0.6761195
0.10470868,0.30261034,0.29405877,0.21886438,-0.022586714,0.8925249,-0.032430444,0.17424224,0.9966492,-0.0531063,0.13725922,-0.29770413,1.5863199,-0.6582089,-1.0355175,0.0039050635,-0.05796316,0.24304186,-0.2920912,0.7201455,0.026210915,-0.5495394,0.12521113,-0.03429736,-0.31362545,0.15831819,-0.25742432,0.15752102,0.036348507,0.21466573,-4.394763,0.021770718,-0.49847266,0.46072623,-0.6616944,-0.030776061,-0.022860892,0.6967426,0.06321627,-0.2696938,-0.052020513,0.8566305,-1.0533999,-0.35204154,-0.31559193,-0.06233516,0.35501483,0.34963632,0.53950834,0.37754792,0.12911966,-0.07928757,-0.0422822,-0.17411152,0.6900444,-0.21729413,-0.1696461,0.22152072,0.27435452,-0.04727564,0.069888815,-0.16910553,0.12237892,-0.09216467,0.29845816,0.5026481,-0.63579565,0.10654267,1.282769,-0.1760204
0.41100892,-0.59197354,0.038064085,-0.11834745,-0.5367529,-0.7263193,0.20431049,0.56924206,0.5737921,0.30908278,0.8614126,0.011361554,0.36220187,-0.11077935,0.3803307,-0.053134337,0.1542294,0.27495274,-0.8654247,0.5837788,-0.2683452,-0.7329885,0.24685942,0.86292195,-0.029712357,-0.04417486,0.47094506,0.083799355,-0.09392436,-0.389563,9.632315,-0.12737341,0.084547766,0.025054462,-7.5743775,0.024311408,0.0779428,0.36365256,-0.76138604,0.28559658,-0.89353836,0.53992784,-0.21917945,0.19196248,0.68995947,-0.14130138,-0.39776787,0.60900426,1.41305,0.31206736,-0.20906918,0.28674814,-0.09051185,-0.6216644,0.15418346,-1.0645291,-0.4427606,-1.1727105,0.2796053,-0.06885834,-0.105866775,-0.3692238,-0.12637888,-0.72487,1.0345253,-0.29204938,0.4465635,-0.52542555,-0.1547328,0.65603596
0.62234384,-0.2680165,-0.007599472,0.13169977,0.3296262,0.1917776,-0.19094226,-0.1965623,-1.1800549,-0.42685086,-0.85679764,-0.29079455,1.039487,-0.071116224,0.65580624,-0.6185913,-0.7922802,-0.03987727,-0.6517429,1.4678501,-0.34159887,0.4477737,0.41286707,-0.69025475,-0.45765036,-0.098440304,-0.38039598,0.17531979,0.31826,-0.23320965,-4.3808117,0.021919226,0.60335773,0.19346118,-0.34954032,-0.6584339,0.56238157,-0.48830888,0.5548989,0.60525304,0.22852303,0.3580245,-1.1097456,-0.37903464,0.6140374,0.06341082,-0.55309874,0.099135965,0.82807314,-0.63168496,-0.5464784,0.28202894,0.24022284,0.328059,0.39364076,0.174128,-0.12186557,-1.4404947,0.85916525,0.11340844,0.015364787,0.4580601,0.40161484,1.0215652,-0.45071784,0.8961371,0.17108941,0.41205433,0.20601143,-0.04877382
0.21829721,0.07219299,0.26314142,0.2550094,-0.21428107,0.14562777,0.32240546,0.6144662,0.57247144,0.024463762,0.16420048,-0.1704079,0.4715768,0.027868887,1.0154334,-0.14828894,-0.43291417,0.61505765,-1.0060366,0.28179395,-0.73893666,-0.6594444,-0.07911155,0.657291,-0.31958628,0.013473264,0.41633648,0.375472,0.47281277,-0.39668638,-4.3656163,0.5703064,-0.14559165,-0.44370154,-0.66593504,0.29253426,-0.4065045,0.050363682,-0.1751102,-0.53551483,0.030787928,-0.11496813,-1.7715148,0.49102634,-0.23836835,-0.26319566,0.081155814,0.045362636,0.025248567,-0.47437745,-0.8042035,-0.34578425,-0.38917542,-0.18358377,0.24711998,0.30824366,-0.5446165,-1.5796294,0.24412337,0.12230815,0.043080375,0.08314434,0.0044924817,-0.29330125,0.31932986,0.19814849,-0.08285813,-0.32966062,0.4541779,0.63550264
0.2523925,-0.18551734,0.24051245,0.03109758,-0.22767368,0.27651167,-0.28345588,-0.289823,-1.0447582,-0.70366603,-0.28462094,-0.13929166,1.3278835,0.0211931,0.37745535,-0.29960895,0.11085507,0.06375265,-0.8294244,1.3956828,-0.3018523,0.13358058,0.689197,0.16350418,-0.5463252,-0.058701612,-0.10996733,0.5229223,0.4034989,0.40129903,-4.489756,-0.55207014,0.1964924,0.12675548,-0.7173751,-0.3197234,0.6325096,0.033519983,0.38930133,0.59233415,-0.13735253,0.49169344,-0.12357828,-0.2710806,0.11860586,-0.14476897,0.23109059,0.52298415,0.52027935,-0.40993893,0.33192447,0.64834595,0.32016477,0.093744874,-0.032981217,0.47256866,-0.15679193,-0.23330136,0.6536319,0.5575658,-0.136886,-0.3307934,-0.21061334,0.2872896,-0.7372961,0.4099874,0.50061005,0.33033422,0.56076825,-0.79227453
-0.041910596,-0.6582713,0.33537975,-0.47936046,0.21424575,-0.25459284,-0.8173607,0.2015826,-0.67989737,0.304432,0.18040596,-0.1620071,-2.6850688,-0.23224668,0.17463112,0.9071513,0.484996,0.74367,0.014977004,-1.281826,0.35242954,-0.3540566,0.48343968,-0.7557419,0.23198816,-0.41778198,-0.053369723,0.2404539,0.18517743,0.13583672,-4.0716243,-0.80346715,1.4668852,0.0856904,1.3443569,-0.28277513,-0.4843249,-1.2725177,1.9430531,-0.44678733,0.7757671,-1.0314165,0.93205214,-0.0339971,0.04466045,-0.5249302,-0.3091316,1.3528204,0.4702989,-0.29135364,0.011949584,0.30387262,0.29844192,0.7858754,0.9776463,-0.4243372,-0.26630592,-0.027050454,-0.15453768,0.0012647733,-0.5031233,2.118647,0.2582497,-0.10402092,0.02947553,-0.5012035,-0.19559936,0.040322565,-1.5438408,-0.29893467
0.83813125,-0.36608747,-0.30584714,-0.8826344,-0.14076667,-0.0941364,-0.5317506,0.6747183,0.6484361,0.8480204,0.05299301,-0.25654107,-1.4140439,-0.7922397,-1.5906516,0.58634347,-0.22107047,0.3537078,-1.0365435,-0.4034559,-0.42406175,0.18413933,0.32109958,0.834573,0.23610336,0.09926116,-0.26659134,-0.39557394,0.16194348,0.19843486,-4.158232,-1.4422641,0.6594067,-0.050888978,0.0038070148,-1.2345303,0.37058455,0.13673235,0.10069166,0.82317114,0.046270385,-0.79097813,0.91812843,0.4054711,0.87184745,0.44402024,0.580109,0.90054464,0.20616965,0.080139495,-0.25070405,-0.21356446,0.029026665,-0.28151655,0.071095124,-0.21445595,0.023250666,0.6090119,-0.32735202,0.33276993,-0.07827127,0.39458182,0.33537522,0.4721383,-0.2674848,0.05478735,0.32608122,-0.18864763,-1.0643338,-0.2492432
0.076838516,-0.20194794,0.59935105,0.24944057,1.0362365,-1.3583739,-0.58523726,0.79872656,-0.3704374,0.60434157,-0.26656318,-0.45731682,0.90457714,-0.38783804,-1.0037653,0.56457406,0.37818325,0.018046118,-0.73404014,0.23251137,0.34257355,0.39346623,0.37605566,0.31264463,0.43467808,-0.11172529,-0.4219633,0.49323,0.19928445,-0.49033123,-4.1039333,-0.34302717,0.6512552,0.48422098,-0.9920582,-0.06473276,-0.5220837,-0.17883146,0.3221366,1.2966912,0.61206067,0.2445871,2.0405095,-0.6521318,-0.2134821,0.25834334,1.4097375,0.46496743,0.89884186,-0.022697937,0.87902117,-0.1637537,-0.2825806,0.19714382,-0.52687776,-0.36948466,-0.39933443,1.6964769,0.5348616,0.39142126,0.14304434,0.64545864,-0.024135584,-0.10972776,0.39467612,0.39071754,-0.08719699,-0.29601315,0.59510183,-0.6869128
-1.5925356,1.0584333,-0.08471596,-0.1210433,-1.0805037,-0.61689913,1.1574693,0.07191073,0.046417806,0.43677908,1.8126609,-0.45174888,1.357149,1.0339301,0.72978413,0.70192814,0.47072777,1.0424917,-0.2512924,-2.230991,-0.17874245,0.37497094,-0.79745996,-1.7890816,0.6262616,0.7441487,-0.04519649,0.95509773,-0.53736037,-0.85546625,5.343004,1.2741992,1.0220743,-1.3518248,8.097055,0.14454989,-0.2871583,0.029498132,0.4496214,2.8102477,-1.0544559,1.3824503,0.33468774,0.17424463,-0.7405801,-0.8529673,0.91408867,0.7475193,-1.9783249,0.7714454,-0.79736423,-0.79029995,0.21598552,-0.9510594,-1.0691347,0.8134991,1.6402406,0.97007287,-0.39360884,0.20298132,0.6948966,2.3682165,-1.1061332,-1.6455057,-0.16587207,-0.59717417,3.1834462,0.5591125,0.749879,0.87538415
0.78927237,-0.19342618,-0.42735988,-0.15669045,0.12503462,0.03139747,0.22750206,-0.061239295,-0.62214273,-0.6659686,-1.1336838,-0.6246473,-1.0381175,-0.15287563,-0.12592904,0.28623733,-1.3568131,-0.34820747,-0.42620295,-0.321559,0.26433516,-0.06213096,0.5863431,-0.11387058,-0.6637355,-0.055901542,0.3119657,-0.16770123,0.1493793,-0.7763787,-4.4525127,-0.22881718,0.95607823,-0.03605403,0.13656826,-0.59412855,0.2948854,-0.24612309,0.6647665,0.0024911482,0.32230338,-0.13032974,0.23370776,-0.2885442,0.11001983,0.18890204,-0.027790014,-0.008550853,0.50482637,0.42381847,0.1797893,-0.43589786,0.084986255,0.07585799,0.7916581,0.39436805,0.34873027,-0.65602,0.025596157,-0.36606246,-0.034731433,0.17315145,0.37645257,0.15664291,-1.2916073,0.12255355,0.43911,-0.2215549,0.10285748,-0.2251332
-0.50043947,0.39582047,0.17315488,-0.48446226,-0.01078966,0.33331618,0.4903362,0.8986034,-0.3874474,0.4775488,0.16271332,0.37838447,-1.2181206,0.20804295,-0.29734907,1.4404941,-0.27835834,-0.33511102,0.017813353,-0.7392847,0.1694525,-0.17296313,0.30609363,0.6349803,0.0483502,-0.326698,0.09123752,-0.7591951,-0.06809776,0.9034535,-3.352436,-0.22899649,0.44664606,-0.098549806,0.83743125,-0.6686067,0.23786132,0.19151163,1.1680746,-0.1877544,0.9302044,-0.14559337,1.1422396,0.30280322,-0.68792903,0.10421741,0.114432335,0.9670041,-0.42144668,0.66776997,0.83755434,-0.057797965,0.15411246,-1.0164903,0.27970335,0.36153904,0.94830734,1.9176825,0.99358463,-0.033609763,0.3396756,0.3340895,-0.36228558,-1.0665808,-0.76850396,-0.21391104,0.5048525,-0.021432659,0.8528819,-0.83040905
0.6977499,0.17977399,-0.12656766,-0.03384346,-0.19846883,0.07221064,0.80599654,0.30137706,0.43954226,-0.58084387,-0.8457097,-0.12735845,-0.5368867,-0.26263615,-0.3855705,-0.09356594,-1.5469285,0.5507686,-1.2070692,0.7433157,-1.0749004,-0.29788983,0.44607615,0.44041136,0.091297165,0.16162153,0.51490813,-0.82381636,0.5674231,0.43098432,-4.4249587,-0.62117726,0.051982068,-0.60926783,-0.08568212,-0.36953694,0.27138048,0.2920508,0.40611532,-0.6262418,-0.56867033,0.2546387,-1.22311,0.16183703,1.2568437,0.27627426,0.046402518,-0.36130676,-0.35191458,-0.41129348,-0.84722257,-0.113642916,0.20286956,-0.76674956,0.53220105,0.7555102,1.0478301,-1.2931696,0.1373361,0.08051489,0.16771199,0.039683867,0.12230077,0.26314554,-0.28346807,-0.12876508,0.805064,-0.23672748,0.2204996,-0.14040889
0.7640776,-0.44879565,-0.21798776,-0.56806505,-0.17635277,0.36916468,-0.16593593,1.1810772,-0.05116881,0.22992615,0.12725322,0.40098697,-1.5927788,-0.49432287,-1.2854276,0.26327246,0.08218709,0.16538426,-1.5594951,0.23752668,-0.9607218,-0.58110255,0.19425373,1.0782009,0.4685052,0.25807267,-0.3043872,0.7946779,0.020617077,-0.36377257,-4.190776,-0.74952793,-0.44571668,-0.64088917,-0.5038764,-0.38258842,-0.26098126,-0.28737864,-0.29601273,0.25413114,0.19641711,-0.30511132,1.6602045,0.78715384,0.79940724,0.7347166,0.2861566,1.1233951,0.069937654,-0.152925,-0.99577,-0.1073409,-0.15749621,0.70026773,0.55137795,-0.18313429,0.42765504,-0.009537135,-0.16345063,-0.15020688,0.39369103,0.2069555,0.45499447,0.34804723,0.10058956,-0.5179859,-0.4484662,0.37210545,0.66225654,0.08342087
0.6997012,-0.44699243,-0.13878156,0.3481077,0.73279446,-0.18259335,-0.03705099,0.23256272,-0.7622805,0.024747096,-0.3498944,0.05697673,-0.6889997,-0.2541757,1.1884929,0.12000246,0.031697307,-0.66592395,-0.46761203,-0.23013425,0.17791344,0.20053767,0.52055895,0.13252755,-0.4551472,-0.664531,0.36273488,-0.476814,0.320578,-0.34033686,8.379634,0.15933067,0.34847674,-0.05356186,-6.2091494,0.13910052,0.019987911,-0.0973083,0.5243456,-0.10654248,-1.430476,0.34094113,-0.0937414,-0.1910849,-0.2416595,0.02405912,0.08246028,0.3776711,1.1815116,0.027715992,-0.1473206,0.20489542,-0.01756508,-0.5565681,0.43347877,-0.6578616,0.24868603,-1.0711099,-0.87521625,-0.029776901,-0.0498354,0.24458025,-0.34812558,-0.25737405,-0.084105745,-0.12786677,-0.15994555,-0.38197845,-0.4084757,-0.043673106
-0.26296258,0.12955019,-0.30935916,-0.8752643,0.039154287,-0.36735982,-0.41586107,-0.9794963,-2.338437,-0.6210098,-0.48001105,0.54107803,1.3868831,-0.33029976,0.7745095,0.57059485,-1.2356257,0.3315789,-0.5947357,-0.20920384,-0.40121934,1.0515953,0.9052443,-0.010468359,-0.26422873,-0.058630724,0.24976107,-0.933595,1.342029,-1.1689187,-4.411772,-0.33198667,0.43274504,0.01170783,-0.04214441,-1.0053266,0.35346514,-0.1763209,1.6737993,0.024887713,-0.7351564,-0.61210334,-2.4553957,0.097569056,1.7743957,0.33322108,0.5031221,-0.10406664,0.8474338,-1.7680321,-0.23408918,-0.1642662,0.04883313,-0.012534424,0.054350704,1.4650222,-0.31570247,-2.1021197,-0.5855936,-0.26975518,0.29307932,0.9517846,0.4447263,0.7839886,-0.6624829,1.11288,0.6654461,0.71151924,-1.5374858,-1.7667918
-0.2523466,0.7165712,0.38710237,-0.64615446,0.31106234,1.204617,-0.28402588,0.32507315,0.58688164,0.14840576,-1.6579932,-0.47388324,-1.4893988,0.8724667,0.32647124,-1.2387369,0.9788413,-0.7039665,2.5648482,0.7820606,0.6526944,-1.0094622,-0.13290052,-1.2069812,-0.49715862,0.48326,0.6350242,-1.104918,0.21976335,0.2821954,-0.15747005,0.3261122,-0.47181758,0.3957,2.5836635,0.83913094,1.6447074,-3.6260147,5.025731,0.7308105,-0.03544534,1.2448198,1.2627548,0.75376135,0.32756507,1.108754,-0.576624,-1.8641711,-2.2025921,0.2942294,1.1402172,0.2054524,0.64288527,-0.4106048,-0.5329527,-1.1446773,0.67803246,0.9599257,-0.3577051,1.3240267,-0.7591077,1.4632118,0.11597737,-0.28657344,-0.93696356,-1.3748807,-0.9775283,-0.6550513,-0.2698035,-0.23636486
-0.41238266,0.73497725,0.2123556,-0.4832422,-0.8828865,1.3141166,-0.5600984,-0.5629678,-0.26444137,0.06986265,-0.7146226,-0.003435247,0.4152065,1.0399742,1.0799618,-0.50844455,1.6943172,-0.07091314,-1.0574633,-0.7561144,0.43158236,0.4764208,-0.3449514,-1.3196533,1.2934334,1.4282593,-0.6817214,0.09366161,-1.4030446,0.8114679,5.349731,1.0386318,0.29865977,-0.37978944,10.693602,0.41954684,-0.2889476,0.90767795,-1.9147248,-1.1811733,-2.0338128,0.047626887,1.0971445,0.15132196,-0.10593474,1.8377329,0.88053274,1.0009233,-1.2106334,0.08989959,0.8985752,-0.20624892,0.77967554,0.84351605,-0.9436968,0.331654,1.5747545,1.327822,-0.8944591,0.03208963,-0.51792693,1.6532865,-0.009055803,-0.48549482,-0.531322,-0.0020251917,0.98793125,1.4000484,-1.42507,0.31775945
0.11414527,0.07548189,-0.32810754,-0.5354905,1.0121237,0.2263152,-1.0350237,-0.17573793,-2.4574382,-0.054504346,-0.09639188,0.07747238,-0.79953986,-0.6455454,0.58508223,0.58504254,-0.46080896,-0.14508824,-0.29280946,-1.1021572,0.113278806,0.8693355,0.6102009,-0.79117054,-0.18927175,0.08414038,-0.35780147,-0.018055327,0.86113054,-0.61267346,-4.0659976,-0.40696907,1.6838894,0.46212906,0.9080712,-1.2729422,0.3396624,-0.8427215,1.7452147,-0.010313241,0.5329094,-0.5023384,0.09826234,0.046244044,0.4979207,0.17453593,-0.7551071,1.2982702,0.7581475,-0.48844516,-0.41053686,-0.6684816,0.0016651596,0.23448107,0.046439037,-0.22544745,-1.1648036,-1.189052,-0.3297473,-0.40516782,0.21669023,1.3881325,1.0001638,0.6113541,-1.1707819,0.1329966,-0.24791275,0.7786072,-0.3202073,-0.99188846
-0.66144603,0.44221783,0.95564383,-0.30421633,0.35823804,0.51716805,-0.16306332,0.45940155,0.13697067,0.80492324,-0.2783171,0.20354865,0.9939034,1.4211847,0.84156764,-1.5895113,1.1863326,-0.18613638,-0.035913564,0.23141003,0.12645783,0.8385264,-0.7920238,-1.2328708,-0.21875875,2.2981198,-0.15084453,-0.2634967,-0.2763728,0.75114304,4.6476626,0.5511948,0.07372785,-0.24524254,9.833294,0.6919504,-0.42886692,1.0551673,-1.501845,-0.36177123,-0.5226649,0.96642244,0.5671298,-0.4238215,-0.73424023,-0.09813599,0.54412925,0.44896477,-1.2951628,0.60676336,0.7364336,-1.1956573,0.5156311,-0.6986801,-0.74078256,-0.18479232,1.3603348,1.9878898,-0.15128013,-0.2342708,-0.18101718,1.2965723,-0.4444791,-1.0205499,-0.5755272,0.3399411,0.85327333,1.1862278,-0.028382534,-0.36815336
